"id","site_code","latitude","longitude","country","ecoregion","realm","year","depth","median_5year_analysed_sst","median_5year_chl","median_5year_degree_heating_week","median_5year_ph","median_5year_so_glor","median_1year_degree_heating_week","median_7days_degree_heating_week","q95_5year_degree_heating_week","median_7days_chl","Back_Reef_Slope_500m","coral_algae_500m","Deep_Lagoon_500m","Inner_Reef_Flat_500m","Microalgal_Mats_500m","Patch_Reefs_500m","Plateau_500m","Reef_Crest_500m","Reef_Slope_500m","Rock_500m","Rubble_500m","Sand_500m","Seagrass_500m","Sheltered_Reef_Slope_500m","Terrestrial_Reef_Flat_500m","coral","Sand","other_sessile_invert","Rock","coralline_algae","coral_rubble","gdp","gravity","hdi","marine_ecosystem_dependency","natural_ressource_rent","neartt"
"BOCAS15_2023-10-20","BOCAS15",9.3,-82.29,"Panama","Southwestern Caribbean","Tropical Atlantic",2023,7.6,28.7227631578947,0.0729915682950021,0.430251206780805,8.0128345489502,35.3692188262939,0.847694397782801,1.17660525087544,10.1600855263158,0.127686742322688,0.724972939706984,8.63946765259682,0,0.672791259658127,0,0,0,0,0,0,0,0.396981045586793,1.39789558722304,0,1.43798854771711,0.469547223969853,0.246707920700572,0.299463292051289,0.151442325635993,0.241670757241851,0.215274727549133,6.00307946868492,2.12030676860899,0.7481875,0.0699203139805584,0.116306880930066,0.623236746616101
"BOCAS15_2023-10-27","BOCAS15",9.3,-82.29,"Panama","Southwestern Caribbean","Tropical Atlantic",2023,8.1,28.7249342105263,0.0729915682950021,0.434789440718621,8.0128345489502,35.3592338562012,0.847694397782801,1.23073958626086,10.2520328947368,0.100672070297869,0.724972939706984,8.63946765259682,0,0.672791259658127,0,0,0,0,0,0,0,0.396981045586793,1.39789558722304,0,1.43798854771711,0.467620353944548,0.247470369262409,0.30098990796713,0.150352058947981,0.247418546407421,0.215269088062419,6.00307946868492,2.12030676860899,0.7481875,0.0699203139805584,0.116306880930066,0.623236746616101
"BOCAS16_2023-10-24","BOCAS16",9.24,-82.11,"Panama","Southwestern Caribbean","Tropical Atlantic",2023,9.4,28.7227631578947,0.0592619883030647,0.43112030477477,8.01339781284332,35.4867367744446,0.847694397782801,1.21060361814818,10.2433289473684,0.0861432703762742,1.60964105354551,23.4344882714728,0.529379763414998,0,0,0,0.232548186749224,0,0,0,0,0.238195907052858,0.419347418630413,0,0,0.517737185444085,0.24429347543631,0.254910961835144,0.152677686996705,0.261722916561841,0.188479991536878,0,1.96321707879479,0.7481875,0.0699203139805584,0.116306880930066,0.62715615502723
"BOCAS17_2023-10-24","BOCAS17",9.25,-82.13,"Panama","Southwestern Caribbean","Tropical Atlantic",2023,7.5,28.7227631578947,0.0729915682950021,0.43112030477477,8.0128345489502,35.3617534637451,0.847694397782801,1.21060361814818,10.2433289473684,0.0963826390897901,1.51056387921667,54.2235443772137,0.864881593914336,0.883090921326599,0,0,0.981246181252792,0,0,0,0,0.632895537823887,1.55087650912981,0,1.31630325670543,0.533048830486849,0.228408138439371,0.258748560500471,0.149931720080169,0.269069365639538,0.214187386320807,0,2.05091406862743,0.7481875,0.0699203139805584,0.116306880930066,0.516676572805326
"ETP1_2011-04-03","ETP1",8.77213,-79.53417,"Panama","Panama Bight","Tropical Eastern Pacific",2011,6.25,28.1213,0.121591469675953,0,8.04113578796387,29.8424609502157,0.0598662204109395,0,1.1978,0.36802742638999,1.09397306067765,15.9596355428647,0,0,0,0,0,0,0.982043877109308,0.859834115047136,0.172555096372762,0.0870468648971172,0.00270655591352329,0.0013554028056049,0.398468391070576,0.0671493437708461,0.427252992389996,0.144391527970105,0,0.463166722021473,0,5.09423298534487,2.75652867335802,0.7481875,0.0699203139805584,0.116306880930066,0.301029995663981
"FIJI1_2024-08-07","FIJI1",-16.73,179.33,"Fiji","Fiji Islands","Central Indo-Pacific",2024,6.5,27.9377884615385,0.041996867092143,0,8.05161953340769,34.6761903706233,0,0,6.23692307692308,0.0428770814339861,0,8.88210128850482,0,0,0,0,0,0,0,0.629195865384826,0,0,0.375204052437164,0.890106443549596,0.865330339103927,0.873204089742774,0.156560938328723,0.181916721277824,0.156515319527,0.298882161713654,0.139193449181548,0,1.85126726215089,0.69890625,0.12850524432106,0.363780856775109,0.301029995663981
"FIJI10_2024-08-12","FIJI10",-16.82,179.28,"Fiji","Fiji Islands","Central Indo-Pacific",2024,2.75,27.9377884615385,0.0420123904332884,0,8.05172858783801,34.6700561319351,0,0,6.23692307692308,0.051417799216421,0.468223824970568,7.10953036145751,0.25669551547404,1.61264710307763,0.874169844653621,0,0,0,0,0.955704860468319,1.61578738659625,1.29670952289668,0,0.62779891411165,0,0.719046789813383,0.223093825484601,0.17207820928586,0.197340434908197,0.288121009533191,0.196452572496628,0,1.82749654433828,0.69890625,0.12850524432106,0.363780856775109,0.59468159397909
"FIJI11_2024-08-13","FIJI11",-16.81,179.29,"Fiji","Fiji Islands","Central Indo-Pacific",2024,3,27.9377884615385,0.0420184907120097,0,8.05171075795889,34.6697806063652,0,0,6.23692307692308,0.0519388309014331,0,8.66061747963312,0,0,0,0,0.0601206871445106,0.378411895361892,0,0.200526967589824,0,0,0.187028475532996,0.652432125499914,0,0.865573372207588,0.15952836859723,0.172400781735808,0.142358328126197,0.309142770247361,0.151023549346056,0,2.3372719640753,0.69890625,0.12850524432106,0.363780856775109,0.301029995663981
"FIJI14_2024-08-16","FIJI14",-16.69,-179.9,"Fiji","Fiji Islands","Central Indo-Pacific",2024,5.5,27.9556989247312,0.0383322125484737,0,8.05078911781311,34.7274742126465,0,0,4.87514516129032,0.0290186454339931,0.220609024206392,2.86793411847016,0.594203286893216,0,0.00334369650041144,0,0,0.0448286790513366,0.767550054994054,0.0142194013165358,0,0,0,0.371995491971974,0,0.617009181913705,0.203446682256226,0.148139226708805,0.209928392188719,0.34204834786953,0.14176273086929,0,1.86412641104484,0.69890625,0.12850524432106,0.363780856775109,0.587692463715917
"FIJI2_2024-08-07","FIJI2",-16.78,179.32,"Fiji","Fiji Islands","Central Indo-Pacific",2024,6,27.9377884615385,0.0419945348666144,0,8.05165011633635,34.6709195177555,0,0,6.23692307692308,0.0437930521244193,0,0.470619834536426,0.0794877395206236,0,0,0,0,0,0,0,0,0,0.0496916935277757,0.143325532342544,0,0.864846709410044,0.16167881944969,0.181221829186311,0.154704656824954,0.310978794501055,0.134955140830929,0,2.63179577612905,0.69890625,0.12850524432106,0.363780856775109,0.390302572801643
"FIJI3_2024-08-08","FIJI3",-17.24,179.43,"Fiji","Fiji Islands","Central Indo-Pacific",2024,4.5,27.7425252525252,0.0402848484779431,0,8.05382800102234,34.6669178009033,0.0193890687270753,0,5.13717171717172,0.0516296000862269,0.557032901880353,25.1366558094621,1.24806181377254,0.572994555579243,0.738262510154144,0,0.645951397217711,0,0,0.694380318476644,1.11851396542038,0.439779747068212,0.289881317760152,0.814273853660279,0.587872665321255,0.834081430596148,0.162060668136304,0.172876761475546,0.140641944491587,0.301743443716882,0.131716180582455,0,1.43338339725555,0.69890625,0.12850524432106,0.363780856775109,0.5801505808463
"FIJI4_2024-08-08","FIJI4",-17.24,179.43,"Fiji","Fiji Islands","Central Indo-Pacific",2024,2.75,27.7425252525252,0.0402848484779431,0,8.05382800102234,34.6669178009033,0.0193890687270753,0,5.13717171717172,0.0516296000862269,0.557032901880353,25.1366558094621,1.24806181377254,0.572994555579243,0.738262510154144,0,0.645951397217711,0,0,0.694380318476644,1.11851396542038,0.439779747068212,0.289881317760152,0.814273853660279,0.587872665321255,0.815674042068149,0.171950288393752,0.177000609186125,0.147516348250492,0.30716210441871,0.158875864347914,0,1.43338339725555,0.69890625,0.12850524432106,0.363780856775109,0.5801505808463
"FIJI5_2024-08-09","FIJI5",-17.23,179.39,"Fiji","Fiji Islands","Central Indo-Pacific",2024,6.75,27.7425252525252,0.0402866584846329,0,8.05382800102234,34.6663575172424,0.0193890687270753,0,5.13717171717172,0.0516296000862269,0.151660886495459,15.0319495754359,0.289217517187752,0.813993278317227,0,0,0,0.273417024520814,0,0.452122730698815,0.597712150305413,0.133470375619339,0,1.33654482914451,0,0.862240652139412,0.158249285114478,0.174183746030381,0.145715736256207,0.301432232118446,0.146134562305928,0,1.02855629558065,0.69890625,0.12850524432106,0.363780856775109,1.04875666725396
"FIJI6_2024-08-09","FIJI6",-17.23,179.36,"Fiji","Fiji Islands","Central Indo-Pacific",2024,5.75,27.7425252525252,0.0424592997740978,0,8.05428385734558,34.6312789916992,0.0193890687270753,0,5.13717171717172,0.04917245552964,0.211891364433162,23.4734329304464,0.227438980423522,1.21547002388338,0.143022499209317,0,0.0541910808543463,0.48471871021453,0,0.665705234903483,1.00858955238893,0.543877205953921,0,1.49733438826345,0,0.862057107769808,0.143270102987393,0.163188853208102,0.126103394696848,0.298877890392791,0.137052692054688,0,0.996494682276324,0.69890625,0.12850524432106,0.363780856775109,1.0285632762508
"FIJI8_2024-08-10","FIJI8",-17.28,179.36,"Fiji","Fiji Islands","Central Indo-Pacific",2024,4.75,27.7425252525252,0.042466034104984,0,8.05428385734558,34.6304721832275,0.0193890687270753,0,5.13717171717172,0.0509691510437514,0,20.4018722000291,0,0.00651457482804793,0,0,0,0.97211914923642,0,1.13755126290467,0.128588169329808,0.0495693678519417,0.826668047739042,1.31671259466086,1.23102810832929,0.885435201494079,0.147493867606939,0.165674129159415,0.130227693801462,0.291204895086945,0.156259210157878,0,1.03014862397213,0.69890625,0.12850524432106,0.363780856775109,1.0835982892987
"FIJI9_2024-08-12","FIJI9",-16.82,179.27,"Fiji","Fiji Islands","Central Indo-Pacific",2024,7,27.9377884615385,0.0420318951611849,0,8.05171696586211,34.6700513080597,0,0,6.23692307692308,0.0514313680373483,0,0,0,0,0.0333082092179197,0,0,0,0,0,0,0,0,0.0333082092179197,0,0.860000647428357,0.159812599031237,0.184904626987556,0.153326971533878,0.304554005229012,0.133508004545303,0,1.54627949760413,0.69890625,0.12850524432106,0.363780856775109,0.837115227024288
"GBR329_2024-01-17","GBR329",-18.66,146.51,"Australia","Central and Southern Great Barrier Reef","Central Indo-Pacific",2024,6.35,26.74905,0.142886615719416,0,8.04867076873779,35.0425653457642,0.0637460616134435,0.377324467736556,4.9254,0.115527739874882,0.179348234016596,7.52506718504798,0.676385321216532,0.125966905129359,0.0166138322536148,0,0.47549906842423,0.216148681429072,0.570988150714763,1.05266849376365,0.477480044337688,1.05520782790271,0.146735166227829,1.13287413459682,1.07354302883685,0.959598550591385,0.136472442518148,0.116337792591158,0.056668849452889,0.162262498479306,0.154074877918872,0,1.14910805337596,0.90940625,0.0396250676296772,0.721686053641674,0.394685007702548
"GBR330_2024-01-22","GBR330",-18.66,146.49,"Australia","Central and Southern Great Barrier Reef","Central Indo-Pacific",2024,1.8,26.8835416666667,0.142584756559852,0,8.04867076873779,35.0404925346375,0.0369281680157197,0.333363296060464,7.37731249999998,0.124343022954328,0,6.40643443634682,0,0.00158977406088626,0.056136761450238,0,0.771072270555775,0,0,1.14165557214459,0.227663130415903,0.350918591397281,0.805033913165405,1.12853963352625,1.17852762026386,1.0225317372691,0.106611992919558,0.107578516962431,0.0516180268185144,0.0995613595352319,0.117124972982978,6.36328885601337,1.02075810589918,0.90940625,0.0396250676296772,0.721686053641674,1.39548494083809
"GBR331_2024-01-16","GBR331",-18.61,146.48,"Australia","Central and Southern Great Barrier Reef","Central Indo-Pacific",2024,4.1,26.8835416666667,0.142903241334121,0,8.04867076873779,35.042685508728,0.0369281680157197,0.31084813709473,7.37731249999998,0.114952194386336,0.0747055511541301,1.83357480340421,0,0,0,0,0,0,0.036235514341144,0.396187492941563,0.0433040780897401,0.0141163194109546,0,0.41305630823739,0.246308769173271,1.17279567075522,0.0775209806249677,0.0706876596090694,0.040051075210521,0.107733421170987,0.0748652104198674,0,1.11328696184116,0.90940625,0.0396250676296772,0.721686053641674,0.823115025335977
"GBR332_2024-01-19","GBR332",-18.59,146.5,"Australia","Central and Southern Great Barrier Reef","Central Indo-Pacific",2024,4.95,26.8835416666667,0.142871271388811,0,8.04867076873779,35.0414228439331,0.0369281680157197,0.328209658423107,7.37731249999998,0.121200159643749,1.00709380462935,9.64937993679575,0,0,0,0,0,0.315675445738424,0.112971157062819,0.510641691856934,0.294970870551108,0.0607146283594994,0,0,0,1.15636458771427,0.0875211408510075,0.0835928956967065,0.0450648601708653,0.112667274706482,0.0835716141531386,0,1.18217376191109,0.90940625,0.0396250676296772,0.721686053641674,0.354067911284029
"JAPAN12_2012-05-12","JAPAN12",26.63462,127.86521,"Japan","South Kuroshio","Central Indo-Pacific",2012,3.5,24.4817346938776,0.0564448780921923,0,8.08785998821259,34.5364394187927,0,0,1.19204081632653,0.060221746998093,0,7.3830598452755,0,0.892649547947582,0.611218340872564,0,0,0,0,0.310290477162831,1.43777081980501,0.339445912683571,0.00245458883385253,1.63083894513118,0.059976064207067,0.611939714633867,0.424988782962403,0.10016742116156,0.225513405898131,0.17408301063648,0,8.25737357147183,3.10067308497934,0.88953125,0.0984533558404713,0.0317635568735146,0.390712900675255
"JAPAN5_2012-05-08","JAPAN5",26.4438,127.77268,"Japan","South Kuroshio","Central Indo-Pacific",2012,9,24.8827419354839,0.0561480516818985,0,8.08783674240112,34.5533243815104,0,0,1.73913978494624,0.0598369426645496,0,3.50801861301293,0.00854479288545759,0,0,0,0,0,0.340307393486133,0.802213828223185,0.00484228650767162,0.193899848720914,0,0.0036827046007342,0.470848743121613,0.511972688049476,0.10016742116156,0.247467063170448,0.557598826699537,0.463647609000806,0,7.67883013061902,3.40142309238033,0.88953125,0.0984533558404713,0.0317635568735146,0.682346170994808
"NMP34_2023-10-23","NMP34",-21.66,114.35,"Australia","Exmouth to Broome","Central Indo-Pacific",2023,6,25.1742021276596,0.0590898108999596,0,8.07016348838806,35.0437846183777,0,0,4.08246276595745,0.0518279532834713,1.1013156419643,16.0428600553434,0,0.126631410860748,0,0,0.251172247159347,0.20586711723023,0.925293061228639,1.22349759311341,0.420119641434926,0.863923939111531,0.0618600170489307,0,0,0.794792028618807,0.139521828880002,0.0783000798354988,0.113815144668084,0.218046240435791,0.135427231451185,6.47067474695854,0.195627878160293,0.90940625,0.0396250676296772,0.721686053641674,0.370170713367861
"NWS163_2018-12-09","NWS163",-14.49741,124.99591,"Australia","Bonaparte Coast","Central Indo-Pacific",2018,8,29.4905,0.0635158960987804,0.231112629056353,8.03233766555786,34.7364139556885,0.403172015492251,0,7.9146,0.0450643224375516,0.54892723015339,0.31631396193927,0,0.318498960996859,0,0,0,0,0,0.297419679782691,0.248508548293747,0.59924286516374,0,0,0.153139251993998,0.930174974392483,0.143092767451242,0.149454168452027,0.050786363929474,0.163410405145523,0.0791813084398571,6.67096998872695,0.0183805098593331,0.90940625,0.0396250676296772,0.721686053641674,0.301029995663981
"NWS199_2019-01-09","NWS199",-13.94304,125.64153,"Australia","Bonaparte Coast","Central Indo-Pacific",2019,6,29.2764,0.0619697469482575,0.00402027325324163,8.03466165065765,34.6214079856873,0.0336247712192601,0,6.729595,0.0766524500641768,0.521400731559684,4.50195662588944,0,0,0,0,0,0,0.875564936140585,0.762487482690111,0.384469650468278,0.495844273089214,0,0,0.103888482172899,0.88118545101545,0.110782093377912,0.12634002765448,0.0502397005008909,0.167934373046772,0.0793000094798348,6.70189234118478,0.0532214552574718,0.90940625,0.0396250676296772,0.721686053641674,0.304609111228026
"NWS200_2019-01-09","NWS200",-13.94105,125.63595,"Australia","Bonaparte Coast","Central Indo-Pacific",2019,6,29.2764,0.0619697469482575,0.00402027325324163,8.03466165065765,34.6214079856873,0.0336247712192601,0,6.729595,0.0766524500641768,0.982692975641858,2.13219532277721,0,0.32610847249679,0.00265936316676472,0,0,0,0.645031951406032,0.317099055605098,0.413436108745274,1.11365999158164,0.161608051487867,0,0.112064385935981,0.812367666638168,0.114203524737193,0.11967324370979,0.0477654463355202,0.16912492666383,0.0787731002023733,6.70189234118478,0.0580596116720832,0.90940625,0.0396250676296772,0.721686053641674,0.301029995663981
"NWS201_2019-01-10","NWS201",-13.82453,127.2726,"Australia","Bonaparte Coast","Central Indo-Pacific",2019,2.5,29.1625263157895,0.0466338739039159,0.0853844777097725,8.03997198740641,34.3620986938477,0.172572207536691,0,6.88178947368421,0.0447377013958029,0.923206613737945,16.5949353859028,0,0.0382931117693965,0,0,0,0,0.814505739043436,0.940694406395936,0.0900611465268019,0.857313959491514,0.644491918987066,0.116360343910686,0.322850243019768,0.476086253646719,0.202430037588479,0.157990032620322,0.0500837105807799,0.187720465713406,0.286756552211548,6.6564759467312,0.0481165938114936,0.90940625,0.0396250676296772,0.721686053641674,0.441860360229172
"NWS201_2021-10-18","NWS201",-13.82453,127.2726,"Australia","Bonaparte Coast","Central Indo-Pacific",2021,3.25,29.0960526315789,0.0478048621679946,0,8.03518199920654,34.1983108520508,0.00486418541281475,0,3.21550526315789,0.0517843274305777,0.923206613737945,16.5949353859028,0,0.0382931117693965,0,0,0,0,0.814505739043436,0.940694406395936,0.0900611465268019,0.857313959491514,0.644491918987066,0.116360343910686,0.322850243019768,0.939012168365249,0.162387900761002,0.109174020687203,0.0815606732521066,0.176893273851009,0.142004499938555,6.6564759467312,0.0481165938114936,0.90940625,0.0396250676296772,0.721686053641674,0.441860360229172
"NWS204_2023-09-14","NWS204",-12.54,123.54,"Australia","Exmouth to Broome","Central Indo-Pacific",2023,11,29.258,0.039165317941596,0.087834636911613,8.02871155738831,34.1387424468994,0.0132165396244405,0,8.0633,0.0573341661349078,0,10.754217704373,0,1.84321921305137,0,0,0,1.00587633802811,1.10560147520101,1.60037628711677,1.6565112049685,0,0,0,0,1.21326857159599,0.102305807234551,0.136024048980821,0.0579761719413726,0.181390104011103,0.106632612421463,6.98370236977361,0.451699756628324,0.90940625,0.0396250676296772,0.721686053641674,0.941924073780491
"PAC173_2024-07-13","PAC173",-13.8,-171.93,"Samoa","Samoa Islands","Eastern Indo-Pacific",2024,8,29.0982911392405,0.0374457857647733,0,8.04423785209656,35.4252624511719,0.218947448486475,0.937479802135703,9.93742405063288,0.0245357348512989,1.0769178170042,17.7358395510722,0,1.56321382592971,1.39584556256882,0,0.207955790906568,0.895915215615015,0.594245860606816,0.985428302294653,1.57114177407763,1.00996844357327,0.688472779328691,0.652799618196327,0,0.593305654802951,0.236033965390802,0.193586077207117,0.209446287631345,0.35129161090626,0.149099824893384,8.29184771574166,2.08104372607771,0.699222222222222,0.122437721500532,0.331556441591597,0.748744067764588
"RED10_2011-08-03","RED10",24.25309,35.5399,"Egypt","Northern and Central Red Sea","Western Indo-Pacific",2011,9,26.5613131313131,0.0367635228260124,0,8.0845582485199,38.1461477279663,0,0.0907602325267001,4.13646464646465,0.0378762251193522,0.271949746080248,6.89769107710179,0.0862116482702964,0.443905102262012,0,0,0,0,0.574244206155089,0.981675523774199,0.408772667071082,0.289460073941235,0,0.609164174688486,0,0.397699415092072,0.304692654015398,0.225513405898131,0.247467063170448,0.267763327157194,0,3.71237550154282,1.66134098767162,0.655625,0.0531314779782843,1.079316548432,1.55804204682949
"RED11_2011-08-03","RED11",24.67004,35.13316,"Egypt","Northern and Central Red Sea","Western Indo-Pacific",2011,6,26.1977472527473,0.0369897361166856,0,8.08762280146281,38.3262233734131,0,0.147693307776752,5.66311538461539,0.0366640081397532,0,7.40940345821624,0,0,0,0,0,0,0.86830117244966,0.36852376052278,0,0,0,0.0359887084522951,0,0.500179608697487,0.286756552211548,0.10016742116156,0.17408301063648,0.286756552211548,0,0,1.8417873857358,0.655625,0.0531314779782843,1.079316548432,0.910794715663508
"RED12_2011-08-04","RED12",24.78735,35.18158,"Egypt","Northern and Central Red Sea","Western Indo-Pacific",2011,8,26.1977472527473,0.0369897361166856,0,8.08762280146281,38.3264102935791,0,0.147693307776752,5.66311538461539,0.0366467826103051,0,9.89445629657631,0,0,0,0,0,0.070226347389901,0.517669596819934,1.12584130894071,0,0,0,0.252995552000424,0,0.674490928149051,0.225513405898131,0.10016742116156,0.397699415092072,0.424988782962403,0.10016742116156,6.27185619325168,1.81254676497619,0.655625,0.0531314779782843,1.079316548432,1.54323178860306
"RED2_2011-07-31","RED2",23.33986,35.85479,"Egypt","Northern and Central Red Sea","Western Indo-Pacific",2011,9,27.1031976744186,0.0411767430937417,0,8.07785439491272,37.9615640640259,0,0.00656553697633432,4.20552325581395,0.0393545746781541,0,8.06993119700669,0,0,0,0,0,0,0.59369298614476,0,0,0,0,0,0,0.673923917759747,0.0766731993776258,0.127099427188785,0.0997772909767384,0.617983410349434,0.016442380703163,6.82240361608709,1.3913669211723,0.655625,0.0531314779782843,1.079316548432,1.94404025806651
"RED4_2011-08-01","RED4",23.42852,35.90383,"Egypt","Northern and Central Red Sea","Western Indo-Pacific",2011,15,27.1031976744186,0.0349799300862589,0,8.07592630386353,37.9544563293457,0,0.00656553697633432,4.20552325581395,0.036242429320533,0,2.34615173591022,0,0,0,0,0,0,0.312267245667641,0,0,0,0,0,0,0.694904937774175,0.17408301063648,0.267763327157194,0.201357920790331,0.476033818061323,0,5.01721222589785,1.3878339118447,0.655625,0.0531314779782843,1.079316548432,2.03827514599315
"RED5_2011-08-01","RED5",23.4303,35.86446,"Egypt","Northern and Central Red Sea","Western Indo-Pacific",2011,6,27.1031976744186,0.0411767430937417,0,8.07624626159668,37.9618539810181,0,0.00656553697633432,4.20552325581395,0.0393612886116248,0,1.99434777578339,0,0,0,0,0.0938761472450466,0,0.367636042823314,0.0112171506372579,0,0,0.0233500248136147,0.00126077143895698,0,0.601264216679128,0,0.141897054604164,0,0.875891389020722,0,0,1.40070693005243,0.655625,0.0531314779782843,1.079316548432,1.98772525453325
"RED6_2011-08-02","RED6",23.41057,35.93071,"Egypt","Northern and Central Red Sea","Western Indo-Pacific",2011,6,27.1031976744186,0.0349828915382033,0,8.07592630386353,37.9555358886719,0,0.00656553697633432,4.20552325581395,0.0361759735991352,0,13.0738575099975,0,0,0,0,0,0,0.0986245618873511,0.458259803239534,0.140082427494637,0,0,0,0,0.937744490405147,0,0,0.141897054604164,0.424988782962403,0,5.01721222589785,1.37704005121761,0.655625,0.0531314779782843,1.079316548432,2.05874965585639
"RED7_2011-08-02","RED7",23.63558,35.82552,"Egypt","Northern and Central Red Sea","Western Indo-Pacific",2011,5,26.8172631578947,0.0353863878198711,0,8.08043575286865,38.0432453155518,0,0.0572255413875244,4.81453684210526,0.0361985508560003,0,7.23950669578787,0,0,0,0,0,0,0.839845893196486,0.447566022236028,0,0,0,0.144503989767115,0,0.725253222200054,0,0,0,0.825440953414278,0,5.59198716371874,1.44245869793578,0.655625,0.0531314779782843,1.079316548432,1.95899197973928
"RED8_2011-08-02","RED8",24.15678,35.71164,"Egypt","Northern and Central Red Sea","Western Indo-Pacific",2011,5,26.5613131313131,0.0367635228260124,0,8.08385610580444,38.1453709602356,0,0.0907602325267001,4.13646464646465,0.0379231757433025,0.315321247296003,3.38820632411925,0,1.01865489301861,0.156458005009341,0,0,0.0594169282185697,0.395530650385533,0.707137728187541,1.02653680014486,0.707120138974356,0,0.532925547183551,0,0.71516745604252,0,0,0.10016742116156,0.725253222200054,0,6.14946788082021,1.57867524501939,0.655625,0.0531314779782843,1.079316548432,1.67753018773206
"RED9_2011-08-03","RED9",24.21989,35.61184,"Egypt","Northern and Central Red Sea","Western Indo-Pacific",2011,7,26.5613131313131,0.0367635228260124,0,8.0845582485199,38.1461477279663,0,0.0907602325267001,4.13646464646465,0.0378762251193522,0,4.25145141832502,0,0,0,0,0,0,0.580967485556416,0.230838358193799,0,0,0,0.28893765142015,0,0.684719203002283,0,0,0,0.71516745604252,0,6.35139831184466,1.62768744245291,0.655625,0.0531314779782843,1.079316548432,1.62705473845837
"TONGA15_2024-06-08","TONGA15",-20.5,-174.74,"Tonga","Tonga Islands","Central Indo-Pacific",2024,4.5,26.28705,0.0344618474670611,0,8.0625559091568,35.0633459091187,0,0.202133980060819,6.91809,0.0402444973783885,0.721149630979203,23.742517971957,0.344448137371015,1.24454313185556,0.15537795407898,0,0.208601655891994,1.27019153584383,1.34375983380576,1.33512531778926,1.00618100455219,1.23866016916134,0.0764856611008944,0,1.01216453622943,0.622372525432244,0.184032510896429,0.104592268923535,0.18546231880255,0.419000912770913,0.147520266072393,6.79622379046593,0.877451978902064,0.7025,0.107454530714636,0.0302652442743598,0.818188678239625
"TONGA16_2024-06-10","TONGA16",-20.28,-174.8,"Tonga","Tonga Islands","Central Indo-Pacific",2024,3.5,26.42255,0.0341674456025896,0,8.06013107299805,35.1031994819641,0,0.00625205136936477,6.29332499999999,0.0350962283978822,1.15554455897912,7.15741237508139,1.04730608515002,1.04979546341801,1.39819382454809,0,0,0,0.211793869783473,0.642464793587099,0.946831301820005,1.47578615470318,0,0.767229467192685,0.648962209431736,0.555668004566442,0.226582573470716,0.124525273847467,0.2107599434348,0.366153426653969,0.146216058608887,6.09402338307573,1.5236602204624,0.7025,0.107454530714636,0.0302652442743598,0.556565209891525
"TONGA18_2024-06-11","TONGA18",-20.27,-174.81,"Tonga","Tonga Islands","Central Indo-Pacific",2024,5,26.42255,0.0341752769215534,0,8.06013107299805,35.1033754348755,0,0.00251163128490831,6.29332499999999,0.0356157649031537,0,3.91729161258318,0,0,0,0,0,0,0,0.57321099128251,0,0,0,0.798522881063667,0,0.586456814892239,0.17117573844212,0.114891131758747,0.187922103173521,0.414137706523104,0.111188243209295,6.09402338307573,1.25058283116888,0.7025,0.107454530714636,0.0302652442743598,0.640807383522905
"TONGA20_2024-06-12","TONGA20",-20.07,-174.77,"Tonga","Tonga Islands","Central Indo-Pacific",2024,7,26.42255,0.034183331289725,0,8.06013107299805,35.1034994125366,0,0,6.29332499999999,0.0366348703313309,0.0266656236818405,30.4706842577331,0.75720680583683,1.16576871348946,0.0122940665661164,0,0.164664248166184,0.893847714702329,1.17739035551519,1.11171978367749,1.01698377647318,0.641808466416828,0.179437998791341,0.828120768735383,0,0.606177968302795,0.182701997507365,0.0976718064473541,0.195468677921486,0.381739009993827,0.137994689338205,6.09402338307573,0.693625766808721,0.7025,0.107454530714636,0.0302652442743598,1.1110552508001
"TONGA21_2024-06-15","TONGA21",-19.69,-175.02,"Tonga","Tonga Islands","Central Indo-Pacific",2024,6,26.87595,0.0316217176074441,0,8.05718839168549,35.0938062667847,0,0,6.72979,0.0250053982858297,0,0.865658674449822,0,0,0,0,0,0,0.283811885687222,0,0,0,0,0,0,0.584832367726367,0.165359218424519,0.116675416768323,0.196759819221716,0.415814044935432,0.108537420084806,6.94519527273914,1.9043880591776,0.7025,0.107454530714636,0.0302652442743598,0.301029995663981
"TONGA23_2024-06-15","TONGA23",-19.69,-175.02,"Tonga","Tonga Islands","Central Indo-Pacific",2024,11,26.87595,0.0316217176074441,0,8.05718839168549,35.0938062667847,0,0,6.72979,0.0250053982858297,0,0.865658674449822,0,0,0,0,0,0,0.283811885687222,0,0,0,0,0,0,0.588220617353452,0.17359267242114,0.118603193678892,0.196547583056265,0.413632709527966,0.113024800868658,6.94519527273914,1.9043880591776,0.7025,0.107454530714636,0.0302652442743598,0.301029995663981
"TONGA24_2024-06-18","TONGA24",-19.87,-174.43,"Tonga","Tonga Islands","Central Indo-Pacific",2024,5.5,26.77495,0.0322255818822381,0,8.05872881412506,35.0937657356262,0,0,3.7908,0.0250598495400518,1.21923076855407,18.5380597057936,1.07483384307358,1.14371497234354,1.16769215213606,0,0.798394855670476,0,0.655586411103807,0.93166487201318,1.06827374579858,0.908375028192229,0.479035030811494,0.443474786767299,0,0.582422527087828,0.223906616780287,0.106077489806106,0.235921116504714,0.37606341804573,0.150230232011623,7.15209414840864,1.43902489003983,0.7025,0.107454530714636,0.0302652442743598,0.582626518082363
"TONGA25_2024-06-18","TONGA25",-19.88,-174.42,"Tonga","Tonga Islands","Central Indo-Pacific",2024,3.25,26.77495,0.0333946062342985,0,8.05992746353149,35.0939040184021,0,0,3.7908,0.0264820085934505,1.32974936241956,31.1627394192783,1.11450529195318,1.01320504122553,0.856321996985096,0,0,0,0,0.729060774911174,1.10165256072334,0.843605919029977,0.102104812770608,0,0,0.574177932780139,0.232181135750355,0.110965085342877,0.256878874079858,0.362543760778146,0.159538592421336,7.15209414840864,1.83115708613272,0.7025,0.107454530714636,0.0302652442743598,0.39004543055925
"TONGA26_2024-06-19","TONGA26",-19.85,-174.43,"Tonga","Tonga Islands","Central Indo-Pacific",2024,4.5,26.77495,0.0322255818822381,0,8.05872881412506,35.093789100647,0,0,3.7908,0.0251712608618208,0.00257934272319784,9.91622559397604,0.538764509737159,0.958578935981568,0.0936181721795052,0,0.198881128632003,0.551998483022418,0.868611980429415,0.662080004348663,0.898624152878089,0.215775533495298,0.113223636691178,0.611813785356418,0,0.586823518659208,0.191167292981657,0.104398740426321,0.247323382519717,0.36916358773786,0.138660094511356,7.15209414840864,1.32516013808371,0.7025,0.107454530714636,0.0302652442743598,0.638465276959748
"TONGA27_2024-06-19","TONGA27",-19.84,-174.41,"Tonga","Tonga Islands","Central Indo-Pacific",2024,3.75,26.77495,0.0322255818822381,0,8.05872881412506,35.093789100647,0,0,3.7908,0.0251712608618208,0.895019416017473,7.81781108893386,1.43958638812637,1.19612537907096,1.56297346731743,0,0,0.490415829470188,0.250575040432437,0.462861195555064,1.07656926457038,1.1239901084079,0,0.2529089383761,0,0.585826620116067,0.214853593689154,0.129346717009723,0.216818190316933,0.3601872782115,0.158724877975389,7.15209414840864,1.31772822534773,0.7025,0.107454530714636,0.0302652442743598,0.595970116329179
"TONGA28_2024-06-20","TONGA28",-19.88,-174.47,"Tonga","Tonga Islands","Central Indo-Pacific",2024,5.25,26.77495,0.0333946062342985,0,8.05992746353149,35.0940160751343,0,0,3.7908,0.0277562106369676,0.920007915522331,7.31181084453818,0.557057177337002,0,0.00641902583400702,0,1.01513742626968,0,0,0,0,0.00454236731589661,0,0,0,0.575190744439047,0.213185410350958,0.111902410756294,0.255255130185652,0.382021425908905,0.154586398866568,7.15209414840864,1.15625705535923,0.7025,0.107454530714636,0.0302652442743598,0.680877533957143
"TONGA29_2024-06-20","TONGA29",-19.87,-174.48,"Tonga","Tonga Islands","Central Indo-Pacific",2024,4,26.77495,0.0322255818822381,0,8.05872881412506,35.0942707061768,0,0,3.7908,0.0252425879155559,1.06762328712634,32.3481610591875,0.780324957999934,1.16418294028845,0.791339353260467,0,0.956712567187999,0.154084065000104,0.992714816436861,0.902358386688001,1.12077296006362,1.09298694367067,0,0,0,0.581860563905185,0.210219455613222,0.0944276393774101,0.226011004951706,0.392728770766051,0.14736680793217,7.15209414840864,1.27824770713498,0.7025,0.107454530714636,0.0302652442743598,0.596515018210657
"TONGA30_2024-06-20","TONGA30",-19.87,-174.47,"Tonga","Tonga Islands","Central Indo-Pacific",2024,4,26.77495,0.0322255818822381,0,8.05872881412506,35.0942707061768,0,0,3.7908,0.0252425879155559,0.840448281928804,15.8229818986053,1.30124768655507,0.855242197233884,1.63291430112693,0,0,0.295975000473309,0.841547747396012,0.568137785494542,0.95285481134676,1.34791045343724,0,0,0,0.581462848858774,0.223456842981679,0.1322816834766,0.215160455093534,0.377960375792915,0.164197683995612,7.15209414840864,1.54053549672497,0.7025,0.107454530714636,0.0302652442743598,0.494106620023336
"TONGA32_2024-06-22","TONGA32",-19.71,-174.28,"Tonga","Tonga Islands","Central Indo-Pacific",2024,3.5,26.77495,0.0322255818822381,0,8.05872881412506,35.0942707061768,0,0,3.7908,0.02539170862443,1.49756917239551,10.6465153377575,0.916273627839358,1.10156046168179,1.34726825050818,0,0,0,0,0,0.992114359795005,1.0133389770146,0,0.170891669318158,0,0.558299318797159,0.215218372751009,0.121068637100182,0.243032603887905,0.360438845065008,0.145553998762703,7.1808791428443,1.35471111162001,0.7025,0.107454530714636,0.0302652442743598,0.670633356372481
"TONGA33_2024-06-22","TONGA33",-19.72,-174.34,"Tonga","Tonga Islands","Central Indo-Pacific",2024,7.5,26.77495,0.0322255818822381,0,8.05872881412506,35.0942707061768,0,0,3.7908,0.02539170862443,0,0.363678357929245,0,0,0,0,0.63415887188493,0,0,0,0,0,0,0,0,0.58261934314042,0.201017786982317,0.108362586171615,0.23104036566497,0.381078203435856,0.137515144724611,7.15209414840864,0.787127054882175,0.7025,0.107454530714636,0.0302652442743598,1.19876395205355
"TONGA34_2024-06-23","TONGA34",-19.65,-174.3,"Tonga","Tonga Islands","Central Indo-Pacific",2024,6.5,26.77495,0.0322255818822381,0,8.05872881412506,35.093789100647,0,0,3.7908,0.0257232853459335,0,11.6475616547892,0,0,0,0,0.375375094221437,0.948313100322554,0.809618306655113,1.3721507556375,0.595135002406845,0.0718785614565303,0.0950084521998909,0.130342259560218,0.0431166691039448,0.614156707595544,0.185570518093351,0.13320936507472,0.19742664107479,0.429782128247776,0.154047783944066,7.1808791428443,1.00814396562162,0.7025,0.107454530714636,0.0302652442743598,0.883932546130709
"TONGA35_2024-06-23","TONGA35",-19.68,-174.29,"Tonga","Tonga Islands","Central Indo-Pacific",2024,3.5,26.77495,0.0322255818822381,0,8.05872881412506,35.093789100647,0,0,3.7908,0.0257232853459335,0,17.1007737293677,0,0,0,0,0.522658202304209,0.745297825015548,1.15534607522452,0.944254612135233,0.00129300215697264,0,0.0568347678930335,0.83573494203559,0.39996944501501,0.595296215542602,0.184317996174347,0.105615076305799,0.217935906483305,0.416837355411308,0.157251716837981,7.1808791428443,1.34119664912212,0.7025,0.107454530714636,0.0302652442743598,0.602059991327962
"TONGA36_2024-06-25","TONGA36",-18.7,-174.03,"Tonga","Tonga Islands","Central Indo-Pacific",2024,7,27.3150515463918,0.0297889766688018,0,8.05316543579102,35.1206073760986,0,0,2.90752577319588,0.0214279744434299,0.930935696354199,2.63919766859817,0,0.221615807587244,0.79825189443716,0,0,0,0,0.566331280722494,0.284811456376195,0.424137301469191,0.0124814829243566,0,0,0.614927563980829,0.23284913919947,0.125905913507225,0.267477360690596,0.346014632353976,0.15890944182566,0,2.11653195465966,0.7025,0.107454530714636,0.0302652442743598,0.301029995663981
"TONGA37_2024-06-26","TONGA37",-18.71,-174.14,"Tonga","Tonga Islands","Central Indo-Pacific",2024,2.25,27.3150515463918,0.0296478825415592,0,8.05313742160797,35.0799956321716,0,0,2.90752577319588,0.0227439049530174,1.35253726025816,16.9131002536622,0.178053688012105,1.14931368862965,1.02793030047201,0,0,0.739091687170446,0.813687965962704,1.02841228125939,0.929118078028822,1.51581801758956,0,0,0,0.536139221285689,0.252530328089946,0.114739078278106,0.224817810543529,0.391304766016325,0.148379731226534,0,2.05631498474623,0.7025,0.107454530714636,0.0302652442743598,0.314069473868194
"TONGA38_2024-06-27","TONGA38",-18.71,-174.13,"Tonga","Tonga Islands","Central Indo-Pacific",2024,5,27.3150515463918,0.0296478825415592,0,8.05313742160797,35.0799732208252,0,0,2.90752577319588,0.0228698595867686,1.37483299790415,19.5783475844355,0,0.495443049890802,0.590772276700402,0,0.426360179936357,0,0.0618059182445301,0.938643646959738,0.543327432182929,0.520533431791393,0,0.0357564891897394,0,0.564855601445487,0.210762717797127,0.112486600491454,0.243399237780041,0.386946430099638,0.131651959379254,0,1.75754783378107,0.7025,0.107454530714636,0.0302652442743598,0.594953545334347
"TONGA39_2024-06-27","TONGA39",-18.72,-174.14,"Tonga","Tonga Islands","Central Indo-Pacific",2024,6,27.3150515463918,0.0296478825415592,0,8.05313742160797,35.0799732208252,0,0,2.90752577319588,0.0228698595867686,0.0240648762165089,22.7522532721943,0,0.51011756213214,0,0,0.521425921521711,0.310384418009947,1.3275278236285,0.609011713611106,0.404559935366582,0.090043721731527,0,0,0,0.596792566801018,0.195201899226301,0.106204329120184,0.243892523801398,0.40684762141918,0.127419293121519,0,1.94539842696496,0.7025,0.107454530714636,0.0302652442743598,0.402535160460269
"TONGA40_2024-06-28","TONGA40",-18.71,-174.1,"Tonga","Tonga Islands","Central Indo-Pacific",2024,6,27.3150515463918,0.0297889766688018,0,8.05316543579102,35.120325088501,0,0,2.90752577319588,0.0209617257922762,1.04993018773428,7.91703447360488,0.0249612107013932,0.789498848771563,0.201119419342942,0,0.0762476665677093,0,0,0.885720323736429,0.798219735307942,0.628262551648145,0.0140947699690131,0,0,0.569307575228816,0.215032844696543,0.111159424876894,0.240523083573931,0.363160666145664,0.124791154007766,0,2.13025630156525,0.7025,0.107454530714636,0.0302652442743598,0.329596068999044
"TONGA41_2024-06-28","TONGA41",-18.72,-174.1,"Tonga","Tonga Islands","Central Indo-Pacific",2024,4.75,27.3150515463918,0.0297889766688018,0,8.05316543579102,35.120325088501,0,0,2.90752577319588,0.0209617257922762,1.36459866098307,15.2862133084579,0.967082694724377,0.199669359773516,0.817193110975516,0,0.717279133522156,0,0,0.725544938507125,0.233483353748939,0.534637820380309,0.00259674205616972,0,0,0.546299104230153,0.227192890937971,0.116440984734597,0.251684916561697,0.368447103646416,0.135189781288001,0,2.15328258000201,0.7025,0.107454530714636,0.0302652442743598,0.303479858275762
"TONGA42_2024-06-29","TONGA42",-18.73,-174.08,"Tonga","Tonga Islands","Central Indo-Pacific",2024,6.5,27.3150515463918,0.0297889766688018,0,8.05316543579102,35.1201086044312,0,0,2.90752577319588,0.020830440780188,0.0681834909207484,0.0793925090805058,0,0,0.0368418476582411,0,0,0,0,0,0,0,0,0,0,0.585018989786955,0.217074646260448,0.108131510924197,0.265661566319644,0.342387894415336,0.138218534626843,0,1.84313120587411,0.7025,0.107454530714636,0.0302652442743598,0.59231630364118
"TONGA43_2024-06-29","TONGA43",-18.73,-174.08,"Tonga","Tonga Islands","Central Indo-Pacific",2024,7.5,27.3150515463918,0.0297889766688018,0,8.05316543579102,35.1201086044312,0,0,2.90752577319588,0.020830440780188,0.0681834909207484,0.0793925090805058,0,0,0.0368418476582411,0,0,0,0,0,0,0,0,0,0,0.584541463941561,0.214775136083685,0.108145148674931,0.263246799014168,0.34231685834308,0.1373689520829,0,1.84313120587411,0.7025,0.107454530714636,0.0302652442743598,0.59231630364118
"TONGA44_2024-06-29","TONGA44",-18.74,-174.08,"Tonga","Tonga Islands","Central Indo-Pacific",2024,5.5,27.3150515463918,0.0297889766688018,0,8.05316543579102,35.1201086044312,0,0,2.90752577319588,0.020830440780188,0.131556700951037,0.320824874927264,0,0,0,0,0,0,0,0,0,0.0140927353477795,0,0,0,0.591189864588855,0.207075656628123,0.108259329858844,0.260539093418351,0.345327028467646,0.135129172192532,0,2.01691451839862,0.7025,0.107454530714636,0.0302652442743598,0.45535156959424
"TONGA45_2024-06-29","TONGA45",-18.73,-174.1,"Tonga","Tonga Islands","Central Indo-Pacific",2024,5.5,27.3150515463918,0.0297889766688018,0,8.05316543579102,35.1201086044312,0,0,2.90752577319588,0.020830440780188,0.263695410000796,0.736299441053322,0,0,0,0,0,0,0,0,0,0,0,0,0,0.563128460895509,0.212052048868955,0.108430893465401,0.260030313161923,0.34641907091549,0.125610178043596,0,2.05552262131171,0.7025,0.107454530714636,0.0302652442743598,0.311636072767319
"TONGA46_2024-06-30","TONGA46",-18.74,-174.11,"Tonga","Tonga Islands","Central Indo-Pacific",2024,9,27.3150515463918,0.0297889766688018,0,8.05316543579102,35.1195755004883,0,0,2.90752577319588,0.020830440780188,0,4.65732903341983,0,0,0,0,0,0.23551048221267,0.711466888775022,0.386157211024072,0.0093450339062812,0,0,0.104132988800008,0,0.570015593280195,0.225230069445419,0.111207907804811,0.251903651395812,0.358999078981185,0.127768545939199,0,1.97643193515659,0.7025,0.107454530714636,0.0302652442743598,0.463277743323636
"TONGA47_2024-07-06","TONGA47",-15.93,-173.79,"Tonga","Samoa Islands","Eastern Indo-Pacific",2024,8.25,28.68105,0.0290529010929681,0,8.04872989654541,35.3108353614807,0,0.322839272686321,5.65030999999999,0.0231478023380868,0,0,0,0,0,0,0,0,0.234508470873619,0.000270715479155201,0,0,0,0,0,0.623005937706736,0.190056763866941,0.198613016115522,0.223630816198383,0.374630474033165,0.132331252122358,7.08952481928392,1.03154698867556,0.7025,0.107454530714636,0.0302652442743598,0.750171047032907
"TZN10_2024-08-13","TZN10",-6.28,39.18,"Tanzania","East African Coral Coast","Western Indo-Pacific",2024,2.25,28.0735526315789,0.0724960903734836,0,8.02413320541382,34.6855773925781,0.31885932443983,0,6.86273026315789,0.0687271625474252,1.0314383588687,6.33225099541133,1.59230123371538,1.06434631487772,0,0,0,0,0,0.857225011632102,0.900369723097935,1.70219491333466,0.775380364677068,0,0.263158287825131,0.589161788954649,0.236154462793778,0.230855161165907,0.158720862470103,0.261171755829948,0.183537741939759,6.93583694248172,3.13382770613782,0.4504375,0.0190576879078189,0.893016078246136,0.4638956598802
"TZN11_2024-08-13","TZN11",-6.29,39.18,"Tanzania","East African Coral Coast","Western Indo-Pacific",2024,3.25,28.0735526315789,0.0724960903734836,0,8.02413320541382,34.6855773925781,0.31885932443983,0,6.86273026315789,0.0687271625474252,1.61247957949456,6.91293254907583,1.03643129852687,1.259427786972,0,0,0,0,0,0.0067723900304578,0.639169106780755,1.7380563244476,0.0574557466771067,0,0,0.581670623996214,0.247993514824956,0.228994162362828,0.166069827350601,0.269640260471761,0.170460415791965,6.93583694248172,2.82750652095667,0.4504375,0.0190576879078189,0.893016078246136,0.739424397494201
"TZN12_2024-08-13","TZN12",-6.28,39.18,"Tanzania","East African Coral Coast","Western Indo-Pacific",2024,4.5,28.0735526315789,0.0724960903734836,0,8.02413320541382,34.6855773925781,0.31885932443983,0,6.86273026315789,0.0687271625474252,1.0314383588687,6.33225099541133,1.59230123371538,1.06434631487772,0,0,0,0,0,0.857225011632102,0.900369723097935,1.70219491333466,0.775380364677068,0,0.263158287825131,0.602929801250392,0.246046018398498,0.234503475421714,0.152464372780478,0.264657819836778,0.163130218387931,6.93583694248172,3.13382770613782,0.4504375,0.0190576879078189,0.893016078246136,0.4638956598802
"TZN13_2024-08-14","TZN13",-5.86,39.21,"Tanzania","East African Coral Coast","Western Indo-Pacific",2024,2.5,27.9444086021505,0.0683843628999551,0,8.02467882633209,34.775426864624,0.0865894338954824,0,7.70870967741935,0.0750524379028059,1.11847962975743,1.5271892024254,0,1.75622266358816,0,0,0,0,0,1.34574062940887,1.32871894650863,1.73031951911996,0.719723625973608,0,0.0607678699706475,0.555131355138661,0.261405367950071,0.21281958098219,0.203902164943632,0.254258501748815,0.205368326611976,6.41711676366306,2.84050708014547,0.4504375,0.0190576879078189,0.893016078246136,0.600980266702333
"TZN14_2024-08-14","TZN14",-5.76,39.22,"Tanzania","East African Coral Coast","Western Indo-Pacific",2024,4.5,27.9444086021505,0.0683843628999551,0,8.02467882633209,34.775426864624,0.0865894338954824,0,7.70870967741935,0.0750524379028059,0.056775933208634,15.193211420713,0,0.675772184333447,0.156604537241908,0,0,0,1.07576364383126,1.35139208985101,1.03401149395647,0.514897628466309,0.0704775191308283,0,0.183532003222407,0.619167210208418,0.208731047926291,0.19606328645421,0.124293703708117,0.271088670219131,0.170887068178106,6.41711676366306,2.67478909449542,0.4504375,0.0190576879078189,0.893016078246136,0.588643770945268
"TZN15_2024-08-15","TZN15",-5.26,39.6,"Tanzania","East African Coral Coast","Western Indo-Pacific",2024,5.05,27.9433928571429,0.0594480567937462,0,8.02320694923401,34.8944339752197,0.0367144228804544,0,8.167,0.114000973636453,1.83885232097952,22.6472226821261,0,0,0,0,0,0,0,0,0,1.67078243777134,0,0,0,0.576799885993382,0.23581659897236,0.222399875231853,0.157416187594966,0.316719995446142,0.141990511101808,0,2.68362096386585,0.4504375,0.0190576879078189,0.893016078246136,0.394592489355131
"TZN16_2024-08-15","TZN16",-5.24,39.61,"Tanzania","East African Coral Coast","Western Indo-Pacific",2024,6.5,27.9433928571429,0.0594480567937462,0,8.02320694923401,34.8944339752197,0.0367144228804544,0,8.167,0.114000973636453,0.515452273214481,3.67273873838799,0,0.979431312024958,0.068172558044426,0,0,0,0,1.44555177460822,0.71877715365961,1.02216689060878,0.240730853972145,0,0.834274588353794,0.622920573116134,0.21378597629691,0.200001209537885,0.135313044208173,0.251480721053792,0.167477095606161,6.44024060406369,2.65972396560166,0.4504375,0.0190576879078189,0.893016078246136,0.301029995663981
"TZN17_2024-08-16","TZN17",-5.24,39.6,"Tanzania","East African Coral Coast","Western Indo-Pacific",2024,8,27.9433928571429,0.0594610185428707,0,8.02320694923401,34.8949394226074,0.0367144228804544,0,8.167,0.108123821563624,0,5.79030201886018,0,0,0,0,0,0,0,0.771468877953776,1.33234820543554,1.38608653306535,0,0.965486836345358,0,0.644387908949344,0.220584457665977,0.21523017942366,0.137342342647695,0.268592079992116,0.166069370989872,6.44024060406369,2.6070542160439,0.4504375,0.0190576879078189,0.893016078246136,0.413971024018774
"TZN18_2024-08-16","TZN18",-5.25,39.59,"Tanzania","East African Coral Coast","Western Indo-Pacific",2024,9.66666666666667,27.9433928571429,0.0594610185428707,0,8.02320694923401,34.8949394226074,0.0367144228804544,0,8.167,0.108123821563624,0.15924182474081,0.647127499033528,0,1.18703642756478,0,0,0,0,0,0.998630158134067,1.85504885935595,1.24542343170041,0.0303665996989877,1.34997828403438,0,0.641800050538685,0.231380066871807,0.214849754897658,0.155860084906347,0.261124814936676,0.17858982480392,6.44024060406369,2.35789188688423,0.4504375,0.0190576879078189,0.893016078246136,0.670154253106461
"TZN19_2024-08-17","TZN19",-5.35,39.59,"Tanzania","East African Coral Coast","Western Indo-Pacific",2024,7,27.9433928571429,0.0594610185428707,0,8.02320694923401,34.8949432373047,0.0367144228804544,0,8.167,0.105307731649688,0.829369585590021,4.12789979027692,1.01057740841762,0,0,0,0,0,0,0,0,1.24868489712503,0,0,0,0.64881799727773,0.21307686127754,0.220635801392149,0.131583592826752,0.284392469380256,0.140097573797962,6.41711676366306,2.41772331229062,0.4504375,0.0190576879078189,0.893016078246136,0.846924907094928
"TZN20_2024-08-17","TZN20",-5.37,39.57,"Tanzania","East African Coral Coast","Western Indo-Pacific",2024,6.83333333333333,27.9433928571429,0.0594610185428707,0,8.02320694923401,34.8949432373047,0.0367144228804544,0,8.167,0.105307731649688,0,16.3460964402395,0.701072402559835,0,0,0,0,0,0,0,1.4731123605969,0.321961437375493,0,1.67202517415129,0,0.629213202340487,0.232326149602326,0.219793574035064,0.152035421520492,0.259073059155206,0.164213139542061,6.41711676366306,2.4474338556144,0.4504375,0.0190576879078189,0.893016078246136,0.665222408574675
"TZN21_2024-08-19","TZN21",-5.79,39.39,"Tanzania","East African Coral Coast","Western Indo-Pacific",2024,3.25,27.9444086021505,0.0553500489855176,0,8.02216112613678,34.8668217658997,0.0865894338954824,0,7.70870967741935,0.115667501597017,1.54652758545037,10.742960367032,1.15916461624979,1.47707318573444,0,0,0,0,0,0.694483743068067,0.817595100629708,1.85756066814144,0.0121261342973417,0,0,0.530293518265326,0.266546687579293,0.214074264855178,0.180078956310111,0.275331042898723,0.181107814078708,6.41711676366306,2.37878183650268,0.4504375,0.0190576879078189,0.893016078246136,1.08292809706567
"TZN23_2024-08-20","TZN23",-5.76,39.27,"Tanzania","East African Coral Coast","Western Indo-Pacific",2024,4,27.9444086021505,0.0683267110209319,0,8.02467882633209,34.7746839523315,0.0865894338954824,0,7.70870967741935,0.0729510853449386,1.4646676347536,9.71712120937507,1.32938390124054,0.915034893180446,0,0,0,0,0,0,0.650575189447156,1.80308545672012,0,0,0,0.546017844840497,0.270420982915882,0.222922712613111,0.174095862819004,0.279479161830755,0.169282177692422,6.41711676366306,2.63017511369579,0.4504375,0.0190576879078189,0.893016078246136,0.702443558125036
"TZN24_2024-08-20","TZN24",-5.76,39.27,"Tanzania","East African Coral Coast","Western Indo-Pacific",2024,3.25,27.9444086021505,0.0683267110209319,0,8.02467882633209,34.7746839523315,0.0865894338954824,0,7.70870967741935,0.0729510853449386,1.4646676347536,9.71712120937507,1.32938390124054,0.915034893180446,0,0,0,0,0,0,0.650575189447156,1.80308545672012,0,0,0,0.551846718546138,0.268863890776907,0.217001301296424,0.174463532577008,0.273995060193752,0.180003770530997,6.41711676366306,2.63017511369579,0.4504375,0.0190576879078189,0.893016078246136,0.702443558125036
"TZN25_2024-08-21","TZN25",-6.12,39.17,"Tanzania","East African Coral Coast","Western Indo-Pacific",2024,5.76666666666667,28.0735526315789,0.0721989877468774,0,8.02413320541382,34.6838798522949,0.31885932443983,0,6.86273026315789,0.0632784280708874,1.6909041657672,9.47424705523261,0.88324208984392,1.15655392592256,0.307103937487949,0,0,0,0,0.611981751486755,0.550108596275596,1.80367340801661,0.830771344115348,0,0.981887748937903,0.552404365102103,0.255853859019143,0.234142643309973,0.19269551347505,0.303101417438233,0.182068687828446,0,3.58995137301366,0.4504375,0.0190576879078189,0.893016078246136,0.447617534060773
"TZN26_2024-08-21","TZN26",-6.11,39.16,"Tanzania","East African Coral Coast","Western Indo-Pacific",2024,3.93333333333333,28.0735526315789,0.0721989877468774,0,8.02413320541382,34.6838798522949,0.31885932443983,0,6.86273026315789,0.0632784280708874,1.36824153592716,3.91938112147974,1.41473560896955,0,0,0,0,0,0,0,0,1.63012571540793,0,0,0,0.592971271581507,0.239930038197171,0.247125867013112,0.133664534693043,0.289702890236922,0.17707407516219,0,3.10285150652282,0.4504375,0.0190576879078189,0.893016078246136,0.816922997095127
"TZN27_2024-08-21","TZN27",-6.11,39.16,"Tanzania","East African Coral Coast","Western Indo-Pacific",2024,3.25,28.0735526315789,0.0721989877468774,0,8.02413320541382,34.6838798522949,0.31885932443983,0,6.86273026315789,0.0632784280708874,1.36824153592716,3.91938112147974,1.41473560896955,0,0,0,0,0,0,0,0,1.63012571540793,0,0,0,0.587973171542381,0.237185075244111,0.242231558816155,0.135061789860686,0.289208789388921,0.186458743463357,0,3.10285150652282,0.4504375,0.0190576879078189,0.893016078246136,0.816922997095127
"TZN28_2024-08-22","TZN28",-6.33,39.24,"Tanzania","East African Coral Coast","Western Indo-Pacific",2024,5.5,28.0735526315789,0.0721628819379467,0,8.02413320541382,34.6839504241943,0.31885932443983,0,6.86273026315789,0.0632784280708874,1.3216896342777,6.77785522712398,0,0.560014388197636,0.0422981629694396,0,0,0,0,0.419182775166245,0.977981669307298,1.55515340392632,1.21143446098714,0,0,0.556870587639051,0.250477304860202,0.223125505730373,0.163900642179136,0.287177762117756,0.152177613155356,6.93583694248172,2.82289087747061,0.4504375,0.0190576879078189,0.893016078246136,1.09858680018279
"TZN29_2024-08-22","TZN29",-6.28,39.17,"Tanzania","East African Coral Coast","Western Indo-Pacific",2024,5.66666666666667,28.0735526315789,0.0721628819379467,0,8.02413320541382,34.6839504241943,0.31885932443983,0,6.86273026315789,0.0632784280708874,1.02862964599508,2.67275068596555,0,0,0,0,0,0,0,0.488573502316449,0,0.243809738797854,0,0,0,0.644305891782015,0.212308142686167,0.228321748516197,0.128427126233066,0.271868713527177,0.153149121902122,6.93583694248172,2.8260631710136,0.4504375,0.0190576879078189,0.893016078246136,0.83400143945457
"TZN30_2024-08-22","TZN30",-6.28,39.17,"Tanzania","East African Coral Coast","Western Indo-Pacific",2024,4.8,28.0735526315789,0.0721628819379467,0,8.02413320541382,34.6839504241943,0.31885932443983,0,6.86273026315789,0.0632784280708874,1.02862964599508,2.67275068596555,0,0,0,0,0,0,0,0.488573502316449,0,0.243809738797854,0,0,0,0.644562578018955,0.212280748501227,0.226674016922564,0.13027124863433,0.266631617361223,0.156917213910778,6.93583694248172,2.8260631710136,0.4504375,0.0190576879078189,0.893016078246136,0.83400143945457
"WA52_2008-03-22","WA52",-28.67135,113.84345,"Australia","Houtman","Temperate Australasia",2008,5.55,21.782,0.0513405778007369,0,8.11168956756592,35.5184931755066,0,0.446475031801787,0.6678,0.035841974823603,0.601530840579192,11.2084239987853,0,0,0,0,0.978731412837312,0,0,0.165748961769702,0,0,0.0130940355652345,0.131455842548355,0,0.785398163397448,0,0.184431492113312,0.238016909030661,0.191748501965467,0,5.264478310578,0.786955881957175,0.90940625,0.0396250676296772,0.721686053641674,0.642041186073329
"WA52_2013-11-23","WA52",-28.67135,113.84345,"Australia","Houtman","Temperate Australasia",2013,7.66666666666667,22.31515,0.0467458106665667,0,8.10252773761749,35.1391282081604,0,0,15.8276899999999,0.0596245943957139,0.601530840579192,11.2084239987853,0,0,0,0,0.978731412837312,0,0,0.165748961769702,0,0,0.0130940355652345,0.131455842548355,0,1.55260913656927,0.00643685043667767,0.00276119321047063,0.00462063908891843,0.00795582048239928,0.00213331084173928,5.264478310578,0.786955881957175,0.90940625,0.0396250676296772,0.721686053641674,0.642041186073329
"WA52_2021-04-16","WA52",-28.67135,113.84345,"Australia","Houtman","Temperate Australasia",2021,5.75,22.18055,0.0485711355428564,0,8.08599138259888,35.4748892784119,0.166548514738755,0.981043522229268,4.931965,0.0411003296354985,0.601530840579192,11.2084239987853,0,0,0,0,0.978731412837312,0,0,0.165748961769702,0,0,0.0130940355652345,0.131455842548355,0,1.5707963267949,0,0,0,0,0,5.264478310578,0.786955881957175,0.90940625,0.0396250676296772,0.721686053641674,0.642041186073329
"WA55_2008-03-23","WA55",-28.46051,113.77258,"Australia","Houtman","Temperate Australasia",2008,5.1,21.74295,0.0513405778007369,0,8.11168956756592,35.5184931755066,0,0.625651932411642,0.847000000000001,0.0357360604835501,0.703155043687678,18.7786340498301,0.385314126369351,0,0,0.640910830135191,0.35918528212083,0.0502537335166749,0.36473522387191,0.296924300046849,0.1910284260724,0.408769816418985,0.00839427898896935,1.00419275641648,0,0.0419984727258664,0.402409925410299,0.00547823691148366,0.454436248802779,0.0076671040541496,0.00229896278372275,0,0.7457832981725,0.90940625,0.0396250676296772,0.721686053641674,0.596918727944336
"WA55_2013-11-20","WA55",-28.46051,113.77258,"Australia","Houtman","Temperate Australasia",2013,3.8,22.1955,0.0467458106665667,0,8.10252773761749,35.1408133506775,0,0,15.14581,0.0629207010012927,0.703155043687678,18.7786340498301,0.385314126369351,0,0,0.640910830135191,0.35918528212083,0.0502537335166749,0.36473522387191,0.296924300046849,0.1910284260724,0.408769816418985,0.00839427898896935,1.00419275641648,0,1.31074290459763,0.0838414612433681,0.0502633370135732,0.0551480337863368,0.070414263338591,0.0496259123307933,0,0.7457832981725,0.90940625,0.0396250676296772,0.721686053641674,0.596918727944336
"WA55_2021-04-17","WA55",-28.46051,113.77258,"Australia","Houtman","Temperate Australasia",2021,5.25,22.0145,0.0486128703342521,0,8.08599138259888,35.4748892784119,0.139280732718524,0.966280215384499,3.74041,0.04370922238983,0.703155043687678,18.7786340498301,0.385314126369351,0,0,0.640910830135191,0.35918528212083,0.0502537335166749,0.36473522387191,0.296924300046849,0.1910284260724,0.408769816418985,0.00839427898896935,1.00419275641648,0,1.5707963267949,0,0,0,0,0,0,0.7457832981725,0.90940625,0.0396250676296772,0.721686053641674,0.596918727944336
"WA55_2023-11-06","WA55",-28.46,113.77,"Australia","Houtman","Temperate Australasia",2023,4.7,22.24175,0.0536849887312232,0,8.08150362968445,35.4435901641846,0,0,7.28867,0.0570741091197399,0.703155044384082,18.0624840136129,0.772346979032653,0,0,0.614297998733217,0.288429325124528,0,0.364735224365363,0.155201481680165,0.12443449804572,0.277412265621449,0.00839427900559354,0.918918650302677,0,1.3067816280598,0.0787491573513759,0.0347321204856777,0.0749918659770884,0.128854227679559,0.0308179041739374,0,0.7457832981725,0.90940625,0.0396250676296772,0.721686053641674,0.596918727944336
"WAF1_2024-07-16","WAF1",-13.3,-176.15,"Wallis and Futuna","Samoa Islands","Eastern Indo-Pacific",2024,3.5,29.2405,0.0314649398493081,0,8.04232215881348,35.3022899627686,0.365712561892493,0.776032524145924,8.46345499999998,0.042838976077147,0.486212440161356,1.59193365850678,0.50053596737496,0,0.65420927882373,0,0,0,0,0,0.0334474784942819,1.01422554453236,0,0,0,0.626110628565304,0.229807550523361,0.202776393119863,0.259767505020726,0.311340146708809,0.158264415706214,0,2.39624248573868,0.8600625,0.0422639529010099,0.0426098067517265,0.571911516191488
"WAF10_2024-07-19","WAF10",-13.36,-176.23,"Wallis and Futuna","Samoa Islands","Eastern Indo-Pacific",2024,5.25,29.2405,0.0314649398493081,0,8.04232215881348,35.3026809692383,0.418284714878136,0.72927010953817,8.46345499999998,0.0348405339102229,0.785129837648901,4.66042105622823,0,0.222202789254943,0.343555938226399,0,0.165791718175852,0,0,0.333329585404494,0.265523905642079,0.0867699579232513,0,0,0.0215630154985562,0.625992281503315,0.231664778831705,0.208295696294201,0.249428033934382,0.334435554858373,0.164197636837879,0,1.48382029896119,0.8600625,0.0422639529010099,0.0426098067517265,0.754458488046671
"WAF11_2024-07-19","WAF11",-13.36,-176.23,"Wallis and Futuna","Samoa Islands","Eastern Indo-Pacific",2024,3.75,29.2405,0.0314649398493081,0,8.04232215881348,35.3026809692383,0.418284714878136,0.72927010953817,8.46345499999998,0.0348405339102229,0.785129837648901,4.66042105622823,0,0.222202789254943,0.343555938226399,0,0.165791718175852,0,0,0.333329585404494,0.265523905642079,0.0867699579232513,0,0,0.0215630154985562,0.627069516120779,0.223451796989153,0.208597873716226,0.248786493540315,0.330132503802423,0.16594821388524,0,1.48382029896119,0.8600625,0.0422639529010099,0.0426098067517265,0.754458488046671
"WAF12_2024-07-19","WAF12",-13.37,-176.23,"Wallis and Futuna","Samoa Islands","Eastern Indo-Pacific",2024,7.5,29.2405,0.0314649398493081,0,8.04232215881348,35.3026809692383,0.418284714878136,0.72927010953817,8.46345499999998,0.0348405339102229,0.918847893353615,3.00016465439081,0,0,1.0292885274014,0,0,0,0,0,0.0563420409013717,0.369617269052063,0,0,0,0.614624951891175,0.225614218217082,0.205231661892635,0.254517172889348,0.323792404117521,0.156749863369456,0,1.47132045612564,0.8600625,0.0422639529010099,0.0426098067517265,0.723523661958425
"WAF13_2024-07-20","WAF13",-13.37,-176.23,"Wallis and Futuna","Samoa Islands","Eastern Indo-Pacific",2024,5,29.2405,0.0314649398493081,0,8.04232215881348,35.3027691841125,0.445604203273597,0.710722246904248,8.46345499999998,0.0316338850146895,0.918847893353615,3.00016465439081,0,0,1.0292885274014,0,0,0,0,0,0.0563420409013717,0.369617269052063,0,0,0,0.608154296761632,0.219948204996901,0.203717184342098,0.255894594078574,0.326600723932721,0.153879641985231,0,1.47132045612564,0.8600625,0.0422639529010099,0.0426098067517265,0.723523661958425
"WAF14_2024-07-20","WAF14",-13.37,-176.23,"Wallis and Futuna","Samoa Islands","Eastern Indo-Pacific",2024,2.5,29.2405,0.0314649398493081,0,8.04232215881348,35.3027691841125,0.445604203273597,0.710722246904248,8.46345499999998,0.0316338850146895,0.918847893353615,3.00016465439081,0,0,1.0292885274014,0,0,0,0,0,0.0563420409013717,0.369617269052063,0,0,0,0.610957407313256,0.241309247927186,0.198539406440659,0.260557988824787,0.326148780573563,0.161978921942383,0,1.47132045612564,0.8600625,0.0422639529010099,0.0426098067517265,0.723523661958425
"WAF15_2024-07-20","WAF15",-13.38,-176.21,"Wallis and Futuna","Samoa Islands","Eastern Indo-Pacific",2024,6.5,29.2405,0.0306337400129833,0,8.04285657405853,35.3017287254333,0.445604203273597,0.710722246904248,8.46345499999998,0.0382468043753169,0.62080284880018,4.6294281110031,0,0.644929784669365,0,0,0,0,0,0.252371306538827,0.84081104302143,0.61860721988293,0.0170873586659702,0,0.951957086393346,0.609889771084308,0.219423804424516,0.203740444514226,0.250435658016111,0.331262901942259,0.15492854623732,0,2.02977350061183,0.8600625,0.0422639529010099,0.0426098067517265,0.396165207047781
"WAF16_2024-07-20","WAF16",-13.39,-176.22,"Wallis and Futuna","Samoa Islands","Eastern Indo-Pacific",2024,5.5,29.2405,0.0306337400129833,0,8.04285657405853,35.3017287254333,0.445604203273597,0.710722246904248,8.46345499999998,0.0382468043753169,0.463051416433784,17.4543442375266,0,1.23400163059578,0,0,0.560113082794041,1.09321976151062,0.592490725113471,1.22997867430674,1.37293341282309,0.379513258664788,0,0,0.557380503329024,0.635781565240203,0.19263801931182,0.207226459318047,0.244511405308704,0.370661568910232,0.17108255411224,0,1.52341715431522,0.8600625,0.0422639529010099,0.0426098067517265,0.672863147964439
"WAF17_2024-07-21","WAF17",-13.35,-176.28,"Wallis and Futuna","Samoa Islands","Eastern Indo-Pacific",2024,5.5,29.2405,0.0314649398493081,0,8.04232215881348,35.3028573989868,0.471702335979557,0.689024565205014,8.46345499999998,0.0298955414777112,0,5.47832863235879,0,0,0,0,0,0.180084355419738,0.78158255326999,0.0144626813684946,0,0,0,0,0,0.614874633720161,0.216180779243585,0.208680572876839,0.232844424754908,0.337551619743617,0.158469503464223,0,1.0592757931679,0.8600625,0.0422639529010099,0.0426098067517265,1.21860653926835
"WAF18_2024-07-21","WAF18",-13.34,-176.28,"Wallis and Futuna","Samoa Islands","Eastern Indo-Pacific",2024,7.5,29.2405,0.0314649398493081,0,8.04232215881348,35.3028573989868,0.471702335979557,0.689024565205014,8.46345499999998,0.0298955414777112,0,16.9021130325127,0,0.943316875679677,0,0,0.0322022737299067,0.766027336184612,1.00673678744132,0.966727493560697,0.913825841775182,0.16452194413343,0,0,0,0.632843933950822,0.183764274458851,0.195970963131979,0.253504599380353,0.380273655527927,0.157073814078599,0,1.07569992183065,0.8600625,0.0422639529010099,0.0426098067517265,1.13576548716771
"WAF19_2024-07-21","WAF19",-13.34,-176.28,"Wallis and Futuna","Samoa Islands","Eastern Indo-Pacific",2024,7,29.2405,0.0314649398493081,0,8.04232215881348,35.3028573989868,0.471702335979557,0.689024565205014,8.46345499999998,0.0298955414777112,0,16.9021130325127,0,0.943316875679677,0,0,0.0322022737299067,0.766027336184612,1.00673678744132,0.966727493560697,0.913825841775182,0.16452194413343,0,0,0,0.629113690825321,0.185124713905908,0.199005506786669,0.254471466380703,0.373635675487635,0.158056815877582,0,1.07569992183065,0.8600625,0.0422639529010099,0.0426098067517265,1.13576548716771
"WAF2_2024-07-16","WAF2",-13.3,-176.15,"Wallis and Futuna","Samoa Islands","Eastern Indo-Pacific",2024,3.5,29.2405,0.0314649398493081,0,8.04232215881348,35.3022899627686,0.365712561892493,0.776032524145924,8.46345499999998,0.042838976077147,0.486212440161356,1.59193365850678,0.50053596737496,0,0.65420927882373,0,0,0,0,0,0.0334474784942819,1.01422554453236,0,0,0,0.626110628565304,0.229807550523361,0.202776393119863,0.259767505020726,0.311340146708809,0.158264415706214,0,2.39624248573868,0.8600625,0.0422639529010099,0.0426098067517265,0.571911516191488
"WAF20_2024-07-21","WAF20",-13.32,-176.28,"Wallis and Futuna","Samoa Islands","Eastern Indo-Pacific",2024,7,29.2405,0.0314649398493081,0,8.04232215881348,35.3028573989868,0.471702335979557,0.689024565205014,8.46345499999998,0.0298955414777112,0,10.8807001395598,0,1.030575784182,0.117015174535533,0,0.268564129272239,0.411014603925067,0.748210898507392,1.0387873383993,0.854288526862443,0.291227749956237,0,0.677350276823831,0,0.644314052644341,0.190354489845457,0.215294639707726,0.235093834964596,0.365336474835003,0.15711165911081,0,1.154676830398,0.8600625,0.0422639529010099,0.0426098067517265,0.952525399227906
"WAF21_2024-07-22","WAF21",-13.31,-176.28,"Wallis and Futuna","Samoa Islands","Eastern Indo-Pacific",2024,7,29.2405,0.0314649398493081,0,8.04232215881348,35.3033695220947,0.499302094133328,0.666152795061145,8.46345499999998,0.028653863144763,0.028374651435052,14.1899468039581,0,0.0260426790851309,0.102326370846953,0,0.465333819823671,0.716597603012707,0.818860597641806,0.501838611877674,0.18627014439682,0.0196086872810478,0,0.67243642149321,0,0.609082229294778,0.21777452680575,0.211134741991327,0.260169678753078,0.372697935169469,0.159173973865826,0,1.18375072705679,0.8600625,0.0422639529010099,0.0426098067517265,0.884394804960419
"WAF22_2024-07-22","WAF22",-13.3,-176.27,"Wallis and Futuna","Samoa Islands","Eastern Indo-Pacific",2024,4.25,29.2405,0.0314649398493081,0,8.04232215881348,35.3033695220947,0.499302094133328,0.666152795061145,8.46345499999998,0.028653863144763,0,6.74456288086599,0,1.68635439756131,0.0383721676406932,0,0,0.651350285523939,0.563573968228017,1.30852232501463,1.63951975835655,0.971729460996162,0,0.607894364358195,0,0.646413602946261,0.226852004704458,0.204966498271504,0.263927860754702,0.355817511210663,0.172640869625061,0,1.44674958062961,0.8600625,0.0422639529010099,0.0426098067517265,0.663005199563409
"WAF23_2024-07-22","WAF23",-13.28,-176.27,"Wallis and Futuna","Samoa Islands","Eastern Indo-Pacific",2024,6.75,29.2405,0.0314649398493081,0,8.04232215881348,35.3033695220947,0.499302094133328,0.666152795061145,8.46345499999998,0.028653863144763,0,2.3709129718021,0,0,0.0598706810542747,0,0.0105695310904086,0,0.438112568609073,0.371973643567851,0.0127376390136989,0.00897471509063468,0,0.474991071564662,0,0.620483751738241,0.217758305043133,0.21847121374548,0.233508160261305,0.333772562138601,0.158789131732171,0,1.07862710551959,0.8600625,0.0422639529010099,0.0426098067517265,0.932074038841675
"WAF24_2024-07-22","WAF24",-13.29,-176.27,"Wallis and Futuna","Samoa Islands","Eastern Indo-Pacific",2024,6.5,29.2405,0.0314649398493081,0,8.04232215881348,35.3033695220947,0.499302094133328,0.666152795061145,8.46345499999998,0.028653863144763,0,2.56443731239265,0,0,0.214156901726875,0,0,0.0956383893175768,0.695824673915655,0.851047681141291,0.684102271718362,0.0610699193367878,0,0.636702733410368,0,0.619977803442555,0.210683928935768,0.210877743430908,0.242871625667634,0.354655555782393,0.155438363366901,0,1.28734157210449,0.8600625,0.0422639529010099,0.0426098067517265,0.735012800860629
"WAF25_2024-07-23","WAF25",-13.25,-176.26,"Wallis and Futuna","Samoa Islands","Eastern Indo-Pacific",2024,6.5,29.2405,0.0314649398493081,0,8.04232215881348,35.3038816452026,0.524941082536256,0.642939115843749,8.46345499999998,0.0272902946037108,0.0243762202660524,22.5692033253472,0,1.12026077344087,0,0,0.0988581922161571,0.709073573721851,1.07389436465044,0.770547553744226,1.03565704543388,0.592444848671597,0,0.500525240359528,0,0.635426236506193,0.185828713581664,0.205414244988788,0.255589580832716,0.373437605608121,0.159068350147818,0,1.02867231526525,0.8600625,0.0422639529010099,0.0426098067517265,1.22972943889507
"WAF27_2024-07-23","WAF27",-13.33,-176.28,"Wallis and Futuna","Samoa Islands","Eastern Indo-Pacific",2024,17,29.2405,0.0314649398493081,0,8.04232215881348,35.3038816452026,0.524941082536256,0.642939115843749,8.46345499999998,0.0272902946037108,0,10.2725591187076,0,1.02724751931475,0.00988171513979142,0,0.0456496546081548,0.746055449618979,0.700638079940001,1.22811555377453,1.13786124603638,0.441288639342078,0,0.0356953523715334,0,0.65294427424245,0.190255514194506,0.214022876939737,0.237060660000441,0.376317913610821,0.160258119950655,0,1.1080708661685,0.8600625,0.0422639529010099,0.0426098067517265,1.04885838426728
"WAF28_2024-07-23","WAF28",-13.33,-176.28,"Wallis and Futuna","Samoa Islands","Eastern Indo-Pacific",2024,18,29.2405,0.0314649398493081,0,8.04232215881348,35.3038816452026,0.524941082536256,0.642939115843749,8.46345499999998,0.0272902946037108,0,10.2725591187076,0,1.02724751931475,0.00988171513979142,0,0.0456496546081548,0.746055449618979,0.700638079940001,1.22811555377453,1.13786124603638,0.441288639342078,0,0.0356953523715334,0,0.658981919002913,0.193141406134787,0.213484760290497,0.237060660000441,0.376317913610821,0.161320438833736,0,1.1080708661685,0.8600625,0.0422639529010099,0.0426098067517265,1.04885838426728
"WAF29_2024-07-24","WAF29",-13.38,-176.18,"Wallis and Futuna","Samoa Islands","Eastern Indo-Pacific",2024,3,29.2405,0.0306711338978303,0,8.04285657405853,35.3031549453735,0.525912528568072,0.619176840766776,8.46345499999998,0.0361240652736357,0.00133479191448241,0.116970294566546,0.135333916374527,0,0.0456417201340489,0,0.0528028254265122,0,0,0,0,0.139267091641662,0,0,0,0.613980985665624,0.231070642585394,0.204253068987538,0.227527381139632,0.333081033429728,0.156794602161282,0,1.64330829350297,0.8600625,0.0422639529010099,0.0426098067517265,0.682502269037823
"WAF3_2024-07-17","WAF3",-13.29,-176.13,"Wallis and Futuna","Samoa Islands","Eastern Indo-Pacific",2024,3.5,29.2405,0.0314649398493081,0,8.04232215881348,35.3024921417236,0.392063511718452,0.759864176940109,8.46345499999998,0.042838976077147,0.0790178547216619,2.41417197678753,0,1.44036530373929,0.18980321317371,0,0.0105688156100253,0,0,0,0.015674585875671,1.65098557252915,0,0,1.10398204412053,0.644916358431135,0.245563230276888,0.198878101853689,0.222737780667841,0.294853350899423,0.173332317039495,0,2.47755668271517,0.8600625,0.0422639529010099,0.0426098067517265,0.301029995663981
"WAF30_2024-07-24","WAF30",-13.38,-176.18,"Wallis and Futuna","Samoa Islands","Eastern Indo-Pacific",2024,4,29.2405,0.0306711338978303,0,8.04285657405853,35.3031549453735,0.525912528568072,0.619176840766776,8.46345499999998,0.0361240652736357,0.00133479191448241,0.116970294566546,0.135333916374527,0,0.0456417201340489,0,0.0528028254265122,0,0,0,0,0.139267091641662,0,0,0,0.62239520954485,0.225080421053253,0.203635938180791,0.224841543588163,0.335750219153074,0.158906644281073,0,1.64330829350297,0.8600625,0.0422639529010099,0.0426098067517265,0.682502269037823
"WAF31_2024-07-24","WAF31",-13.37,-176.17,"Wallis and Futuna","Samoa Islands","Eastern Indo-Pacific",2024,8.5,29.2405,0.0314649398493081,0,8.04232215881348,35.3039956092834,0.525912528568072,0.619176840766776,8.46345499999998,0.0266651905850182,0.32768359308976,5.29349396684762,0,0.973758434022318,0.332629940656188,0,0,0.851332944811265,0.143075491432978,0.620250851024159,1.03770018982469,1.38589722767103,0,0,1.06919506215884,0.633738341834378,0.214587278352676,0.201501290857565,0.241334199173831,0.369135144777955,0.160816389265309,0,1.73452975507644,0.8600625,0.0422639529010099,0.0426098067517265,0.602059991327962
"WAF32_2024-07-24","WAF32",-13.37,-176.18,"Wallis and Futuna","Samoa Islands","Eastern Indo-Pacific",2024,4.5,29.2405,0.0314649398493081,0,8.04232215881348,35.3039956092834,0.525912528568072,0.619176840766776,8.46345499999998,0.0266651905850182,0.665754689346996,2.17120379168271,0,0.869168675221121,0.94111065515895,0,0,0,0,0,0.494667229818826,1.19103294344359,0,0,0,0.627897663182262,0.232820402695376,0.203556155893027,0.237410095839028,0.316827833268418,0.156054055433203,0,1.71694825990473,0.8600625,0.0422639529010099,0.0426098067517265,0.659993244377974
"WAF33_2024-07-27","WAF33",-13.37,-176.17,"Wallis and Futuna","Samoa Islands","Eastern Indo-Pacific",2024,8,29.2405,0.0314649398493081,0,8.04232215881348,35.3046913146973,0.525912528568072,0.540717288010721,8.46345499999998,0.0266651905850182,0.32768359308976,5.29349396684762,0,0.973758434022318,0.332629940656188,0,0,0.851332944811265,0.143075491432978,0.620250851024159,1.03770018982469,1.38589722767103,0,0,1.06919506215884,0.646921140049481,0.20837940106984,0.198735692296129,0.238955391369339,0.36589795902985,0.165520110286769,0,1.73452975507644,0.8600625,0.0422639529010099,0.0426098067517265,0.602059991327962
"WAF34_2024-07-27","WAF34",-13.36,-176.16,"Wallis and Futuna","Samoa Islands","Eastern Indo-Pacific",2024,8.5,29.2405,0.0314649398493081,0,8.04232215881348,35.3046913146973,0.525912528568072,0.540717288010721,8.46345499999998,0.0266651905850182,0,10.4677199180522,0,0.667222030250261,0,0,0,1.04937460763891,0.630714080879162,1.0671456347713,0.950621728538175,0.118107900916814,0,0,0,0.662962273737763,0.183779040693124,0.203387534195376,0.235846377669032,0.377159701108025,0.155278687897795,0,1.7081902493254,0.8600625,0.0422639529010099,0.0426098067517265,0.754271934029685
"WAF35_2024-07-28","WAF35",-13.39,-176.21,"Wallis and Futuna","Samoa Islands","Eastern Indo-Pacific",2024,7.5,29.2405,0.0306944694756732,0,8.04285657405853,35.3048977851868,0.525912528568072,0.511522412533016,8.46345499999998,0.0354351069399631,0.0429245756168263,3.22884063119438,0.200827468106021,1.75369419444098,0,0,0,0.64645454201988,0.269943296514337,0.899448741479593,1.56968282698517,1.69828350077225,0,0,0.882288510953748,0.637735066912197,0.243929027803706,0.21541469224036,0.240532340093933,0.322852443061426,0.154922378463265,0,2.05442774490638,0.8600625,0.0422639529010099,0.0426098067517265,0.396165207047781
"WAF36_2024-07-28","WAF36",-13.38,-176.22,"Wallis and Futuna","Samoa Islands","Eastern Indo-Pacific",2024,7.5,29.2405,0.0306944694756732,0,8.04285657405853,35.3048977851868,0.525912528568072,0.511522412533016,8.46345499999998,0.0354351069399631,0.772617155468438,6.39162798366933,0,1.34651930695005,0.0105652470855078,0,0.00133478452474075,0,0,0.287825702116557,1.16217063211534,1.36464560396929,0.00133480451050429,0,0.862429036683971,0.631709985634166,0.23327074739687,0.208296278925061,0.253479924105775,0.317424324903565,0.162548655312765,0,1.5819481244355,0.8600625,0.0422639529010099,0.0426098067517265,0.660243038245302
"WAF37_2024-07-30","WAF37",-14.32,-178.06,"Wallis and Futuna","Samoa Islands","Eastern Indo-Pacific",2024,6.25,29.00275,0.0289377272792666,0,8.04330897331238,35.1406574249268,0.422753941301348,0.166311680659592,6.62555499999999,0.0350623338307579,0,4.98595654170438,0,0.356045730624651,0,0,0,0.751629986915294,0.542462185571314,0.579622555411419,0.145975924773957,0.0855357379333801,0,0,0,0.667700397900637,0.18988627480206,0.180558586719647,0.215011694831622,0.412845363467168,0.139189260083961,0,1.48758777638262,0.8600625,0.0422639529010099,0.0426098067517265,1.0302363546716
"WAF38_2024-07-30","WAF38",-14.32,-178.06,"Wallis and Futuna","Samoa Islands","Eastern Indo-Pacific",2024,3.75,29.00275,0.0289377272792666,0,8.04330897331238,35.1406574249268,0.422753941301348,0.166311680659592,6.62555499999999,0.0350623338307579,0,4.98595654170438,0,0.356045730624651,0,0,0,0.751629986915294,0.542462185571314,0.579622555411419,0.145975924773957,0.0855357379333801,0,0,0,0.662711606628046,0.196169771051031,0.185036964131498,0.215856954714063,0.411706378502934,0.141294591801279,0,1.48758777638262,0.8600625,0.0422639529010099,0.0426098067517265,1.0302363546716
"WAF39_2024-07-30","WAF39",-14.33,-178.07,"Wallis and Futuna","Samoa Islands","Eastern Indo-Pacific",2024,5,29.00275,0.0289377272792666,0,8.04330897331238,35.1406574249268,0.422753941301348,0.166311680659592,6.62555499999999,0.0350623338307579,0,5.71111960740981,0,0.593021550308217,0,0,0,0.543147513418058,0.442138137247435,0.251320470359092,1.0377208189562,0.816698948603598,0,0,1.18918609688511,0.643125513020764,0.185061610910636,0.196983336336004,0.2262367595278,0.400088876201759,0.142986153430773,0,1.53865739303317,0.8600625,0.0422639529010099,0.0426098067517265,0.590847652325142
"WAF4_2024-07-17","WAF4",-13.32,-176.14,"Wallis and Futuna","Samoa Islands","Eastern Indo-Pacific",2024,5,29.2405,0.0314649398493081,0,8.04232215881348,35.3024921417236,0.392063511718452,0.759864176940109,8.46345499999998,0.042838976077147,0.0157564622574782,0,0.198336618377237,0.538771970050633,0.00133510130437497,0,0.0105677394762406,0,0,0,0,0.735882172233037,0,0,0,0.61947715766151,0.228639657734648,0.207591153768475,0.226945780284706,0.329478778830767,0.158372767919432,0,1.80345048878996,0.8600625,0.0422639529010099,0.0426098067517265,0.901642389366526
"WAF40_2024-07-30","WAF40",-14.33,-178.07,"Wallis and Futuna","Samoa Islands","Eastern Indo-Pacific",2024,7.25,29.00275,0.0289377272792666,0,8.04330897331238,35.1406574249268,0.422753941301348,0.166311680659592,6.62555499999999,0.0350623338307579,0,5.71111960740981,0,0.593021550308217,0,0,0,0.543147513418058,0.442138137247435,0.251320470359092,1.0377208189562,0.816698948603598,0,0,1.18918609688511,0.645468658801548,0.183439451786724,0.196110446155462,0.226151264137994,0.404397592280617,0.131406200724083,0,1.53865739303317,0.8600625,0.0422639529010099,0.0426098067517265,0.590847652325142
"WAF5_2024-07-18","WAF5",-13.31,-176.15,"Wallis and Futuna","Samoa Islands","Eastern Indo-Pacific",2024,5.25,29.2405,0.0314649398493081,0,8.04232215881348,35.302586555481,0.418284714878136,0.744406432627442,8.46345499999998,0.0396366802549304,0.438673821917667,1.96703858304299,0.368202588758102,0,0.235376663787979,0,0,0,0,0,0.00663513056069389,0.596512260951287,0,0,0,0.632040619167433,0.23107302436087,0.207353432419525,0.251628613588971,0.326985198248447,0.162458389806087,0,2.12450371737572,0.8600625,0.0422639529010099,0.0426098067517265,0.730715765383247
"WAF6_2024-07-18","WAF6",-13.31,-176.15,"Wallis and Futuna","Samoa Islands","Eastern Indo-Pacific",2024,3.5,29.2405,0.0314649398493081,0,8.04232215881348,35.302586555481,0.418284714878136,0.744406432627442,8.46345499999998,0.0396366802549304,0.438673821917667,1.96703858304299,0.368202588758102,0,0.235376663787979,0,0,0,0,0,0.00663513056069389,0.596512260951287,0,0,0,0.62618405656859,0.223982035064914,0.206665234257902,0.251120225292407,0.319543976262516,0.158692953743944,0,2.12450371737572,0.8600625,0.0422639529010099,0.0426098067517265,0.730715765383247
"WAF8_2024-07-18","WAF8",-13.31,-176.16,"Wallis and Futuna","Samoa Islands","Eastern Indo-Pacific",2024,2.75,29.2405,0.0314649398493081,0,8.04232215881348,35.302586555481,0.418284714878136,0.744406432627442,8.46345499999998,0.0396366802549304,0.372957978302202,3.07517895075128,0.509210925327941,0.0097371588193748,0.160305933849776,0,0,0,0,0,0.0736236441343905,0.47717408590081,0,0,0,0.619291560671754,0.238591300806114,0.206370535847476,0.262650093229736,0.322753261937432,0.169142265888155,0,2.23643802485076,0.8600625,0.0422639529010099,0.0426098067517265,0.612489530778772
"WAF9_2024-07-19","WAF9",-13.35,-176.23,"Wallis and Futuna","Samoa Islands","Eastern Indo-Pacific",2024,5,29.2405,0.0314649398493081,0,8.04232215881348,35.3026809692383,0.418284714878136,0.72927010953817,8.46345499999998,0.0348405339102229,0.928459376574144,5.77675858690739,0,0,0.463450894008404,0,0.203047331242928,0,0,0.00242874163506109,0.0234229762812896,0.143909348366053,0,0,0,0.612054759141494,0.224098593689026,0.200968890933995,0.269284693056439,0.336049430633021,0.162912044058037,0,1.43678272704099,0.8600625,0.0422639529010099,0.0426098067517265,0.885714868161425
